"id","","\","”","、","。","。ｃｏｍ／ｎａｎｇｏ／ｒｔ／ｓｙｓｔｅｍ＿ｎａｎｇｏ＿ｔｅｍｐ","こちら","ご覧ください","ており","ます","また","より","を","アルコール類","チャージ料金","提供し","（","）","，","１５００円","５００円","［","］","ｈｔｔｐｓ：／／ｎａｎｇｏ７","ｏｋｂｍｋ"
"0","0.038461538461538464","0.038461538461538464","0","0.06512104540615175","0.11538461538461539","0.038461538461538464","0.038461538461538464","0.06512104540615175","0.038461538461538464","0.038461538461538464","0.038461538461538464","0.038461538461538464","0.07692307692307693","0.038461538461538464","0.038461538461538464","0.038461538461538464","0.038461538461538464","0.038461538461538464","0","0.038461538461538464","0.038461538461538464","0.038461538461538464","0.038461538461538464","0.038461538461538464","0.038461538461538464"
"1","0.04","0.04","0.13545177444479564","0","0.08","0.04","0.04","0","0.04","0.04","0.04","0.04","0.04","0.04","0.04","0.04","0.04","0.04","0.06772588722239782","0.04","0.04","0.04","0.04","0.04","0.04"
